name,surname,booking_count,date_joined
Sophie,Davis,1,2024-01-02 12:10:11
Emily,Johnson,0,2024-11-12 12:10:12
Jessica,Rodriguez,3,2024-01-02 12:10:13
Chloe,Brown,2,2024-01-02 12:10:14
Amelia,Williams,0,2024-01-02 12:10:15
Grace,Miller,1,2023-01-02 12:10:15
Lily,Garcia,1,2023-01-02 12:10:15
Ruby,Jones,1,2023-01-02 12:10:18
Charlotte,Martinez,1,2023-01-02 12:10:19
Evie,Smith,2,2023-01-02 12:10:20
Matthew,Davis,1,2023-01-02 12:10:21
Samuel,Garcia,1,2023-01-02 12:10:22
Joshua,Smith,1,2023-01-02 12:10:23
Jack,Rodriguez,1,2023-01-02 12:10:24
James,Brown,0,2024-01-02 12:10:25
Grace,Miller,0,2020-11-12 12:10:12
Joseph,Miller,0,2020-11-12 12:10:12
Jacob,Frye,2,2024-01-02 12:10:28
Evie,Frye,0,2024-01-02 12:10:29
Daniel,Johnson,3,2024-01-02 12:10:30
Thomas,Williams,0,2024-01-02 12:10:31
Luke,Wilson,0,2024-01-02 12:10:32
Benjamin,Jones,1,2024-01-02 12:10:33
Alexander,Martin,1,2022-01-02 12:10:34
Harry,Moore,2,2022-01-02 12:10:35
Faye,Hurst,1,2022-01-02 12:10:36
Tiana,Silva,0,2022-01-02 12:10:37
Aleena,Mahoney,0,2022-01-02 12:10:38
Robert,Allen,0,2022-01-02 12:10:39
Aaron,Mitchell,0,2022-01-02 12:10:40
Sophie,Davis,2,2022-01-02 12:10:41
Jacob,Green,0,2022-01-02 12:10:42
Ben,Hill,0,2022-01-02 12:10:43
Owen,Turner,0,2022-01-02 12:10:44
Louis,Anderson,0,2024-01-02 12:10:45
Liam,Jackson,2,2024-01-02 12:10:46
Ryan,Hernandez,0,2024-01-02 12:10:47
Adam,Thomas,0,2024-01-02 12:10:48
Lewis,Thompson,0,2024-01-02 12:10:49
Oliver,White,0,2024-01-02 12:10:50
Callum,Taylor,2,2024-01-02 12:10:51
William,Martinez,0,2024-01-02 12:10:52
Lauren,Lang,1,2024-01-02 12:10:53
Lena,Fernandez,2,2024-01-02 12:10:54
Eden,Oneal,3,2024-01-02 12:10:55